﻿{
  "$schema": "http://schema.management.azure.com/schemas/2015-01-01/deploymentParameters.json#",
  "contentVersion": "1.0.0.0",
  "parameters": {
    "connectionSettings": {
      "value": {
        "name": "ra-adds-onpremise-vpn-cn",
        "connectionType": "Vnet2Vnet",
        "sharedKey": "123secret",
        "virtualNetworkGateway1": {
          "name": "ra-adds-onpremise-vpn-vgw",
          "resourceGroup": "ra-adds-onpremise-rg"
        },
        "virtualNetworkGateway2": {
          "name": "ra-adds-vpn-vgw",
          "resourceGroup": "ra-adds-network-rg"
        }
      }
    }
  }
}
