﻿{
  "$schema": "http://schema.management.azure.com/schemas/2015-01-01/deploymentParameters.json#",
  "contentVersion": "1.0.0.0",
  "parameters": {
    "loadBalancerSettings": {
      "value": {
        "name": "ra-aad-ntier-web-lb",
        "frontendIPConfigurations": [
          {
            "name": "ra-aad-ntier-web-lb-fe-config1",
            "loadBalancerType": "public",
            "domainNameLabel": "",
            "internalLoadBalancerSettings": { }
          }
        ],
        "loadBalancingRules": [
          {
            "name": "lbr1",
            "frontendPort": 80,
            "backendPort": 80,
            "protocol": "Tcp",
            "backendPoolName": "lb-bep1",
            "frontendIPConfigurationName": "ra-aad-ntier-web-lb-fe-config1",
            "enableFloatingIP": false,
            "probeName": "lbp1"
          },
          {
            "name": "lbr2",
            "frontendPort": 443,
            "backendPort": 443,
            "protocol": "Tcp",
            "backendPoolName": "lb-bep1",
            "frontendIPConfigurationName": "ra-aad-ntier-web-lb-fe-config1",
            "enableFloatingIP": false,
            "probeName": "lbp2"
          }
        ],
        "probes": [
          {
            "name": "lbp1",
            "port": 80,
            "protocol": "Http",
            "requestPath": "/"
          },
          {
            "name": "lbp2",
            "port": 443,
            "protocol": "Tcp",
            "requestPath": null
          }
        ],
        "backendPools": [
          {
            "name": "lb-bep1",
            "nicIndex": 0
          }
        ],
        "inboundNatRules": [ ]
      }
    },
    "virtualMachinesSettings": {
      "value": {
        "namePrefix": "ra-aad-ntier-web",
        "computerNamePrefix": "cn",
        "size": "Standard_DS1_v2",
        "adminUsername": "testuser",
        "adminPassword": "AweS0me@PW",
        "osType": "windows",
        "osAuthenticationType": "password",
        "sshPublicKey": "",
        "nics": [
          {
            "isPublic": "false",
            "isPrimary": "true",
            "subnetName": "web",
            "privateIPAllocationMethod": "dynamic",
            "enableIPForwarding": false,
            "dnsServers": [ ]
          }
        ],
        "imageReference": {
          "publisher": "MicrosoftWindowsServer",
          "offer": "WindowsServer",
          "sku": "2012-R2-Datacenter",
          "version": "latest"
        },
        "osDisk": {
          "caching": "ReadWrite"
        },
        "dataDisks": {
          "count": 1,
          "properties": {
            "diskSizeGB": 128,
            "caching": "None",
            "createOption": "Empty"
          }
        },
        "extensions": [
          {
            "name": "iis-config-ext",
            "settingsConfigMapperUri": "https://raw.githubusercontent.com/mspnp/template-building-blocks/v1.0.0/templates/resources/Microsoft.Compute/virtualMachines/extensions/vm-extension-passthrough-settings-mapper.json",
            "publisher": "Microsoft.Powershell",
            "type": "DSC",
            "typeHandlerVersion": "2.20",
            "autoUpgradeMinorVersion": true,
            "settingsConfig": {
              "modulesUrl": "https://raw.githubusercontent.com/mspnp/reference-architectures/master/identity/azure-ad/extensions/windows/iisaspnet.ps1.zip",
              "configurationFunction": "iisaspnet.ps1\\iisaspnet"
            },
            "protectedSettingsConfig": { }
          }
        ],
        "availabilitySet": {
          "useExistingAvailabilitySet": "No",
          "name": "ra-aad-ntier-web-as"
        }
      }
    },
    "virtualNetworkSettings": {
      "value": {
        "name": "ra-aad-ntier-vnet",
        "resourceGroup": "ra-aad-ntier-rg"
      }
    },
    "buildingBlockSettings": {
      "value": {
        "storageAccountsCount": 3,
        "vmCount": 3,
        "vmStartIndex": 1
      }
    }
  }
}

