﻿{
  "$schema": "http://schema.management.azure.com/schemas/2015-01-01/deploymentParameters.json#",
  "contentVersion": "1.0.0.0",
  "parameters": {
    "virtualMachinesExtensionSettings": {
      "value": [
        {
          "vms": [ "ra-adfs-ad-vm1", "ra-adfs-ad-vm2" ],
          "extensions": [
            {
              "name": "install-adds",
              "publisher": "Microsoft.Compute",
              "type": "CustomScriptExtension",
              "typeHandlerVersion": "1.8",
              "autoUpgradeMinorVersion": false,
              "settingsConfigMapperUri": "https://raw.githubusercontent.com/mspnp/reference-architectures/master/identity/adfs/templates/onpremise/adds-domain-join1-settings-mapper.json",
              "settingsConfig": {
                "activeDirectorySettings": {
                  "adminUser": "testuser",
                  "adminPassword": "AweS0me@PW",
                  "domainName": "contoso.com"
                },
                "fileUris": [
                  "https://raw.githubusercontent.com/mspnp/reference-architectures/master/identity/adfs/extensions/domain-join1.ps1"
                ]
              },
              "protectedSettingsConfig": {
              }
            }
          ]
        }
      ]
    }
  }
}
