﻿{
  "$schema": "http://schema.management.azure.com/schemas/2015-01-01/deploymentParameters.json#",
  "contentVersion": "1.0.0.0",
  "parameters": {
    "virtualMachinesSettings": {
      "value": {
        "namePrefix": "ra-adfs-ad",
        "computerNamePrefix": "aad",
        "size": "Standard_DS3_v2",
        "osType": "Windows",
        "adminUsername": "testuser",
        "adminPassword": "AweS0me@PW",
        "osAuthenticationType": "password",
        "nics": [
          {
            "isPublic": "false",
            "subnetName": "adds",
            "privateIPAllocationMethod": "Static",
            "startingIPAddress": "10.0.4.4",
            "enableIPForwarding": false,
            "dnsServers": [
            ],
            "isPrimary": "true"
          }
        ],
        "imageReference": {
          "publisher": "MicrosoftWindowsServer",
          "offer": "WindowsServer",
          "sku": "2012-R2-Datacenter",
          "version": "latest"
        },
        "dataDisks": {
          "count": 1,
          "properties": {
            "diskSizeGB": 127,
            "caching": "None",
            "createOption": "Empty"
          }
        },
        "osDisk": {
          "caching": "ReadWrite"
        },
        "extensions": [
        ],
        "availabilitySet": {
          "useExistingAvailabilitySet": "No",
          "name": "ra-adfs-as"
        }
      }
    },
    "virtualNetworkSettings": {
      "value": {
        "name": "ra-adfs-vnet",
        "resourceGroup": "ra-adfs-network-rg"
      }
    },
    "buildingBlockSettings": {
      "value": {
        "storageAccountsCount": 2,
        "vmCount": 2,
        "vmStartIndex": 1
      }
    }
  }
}
