﻿{
  "$schema": "http://schema.management.azure.com/schemas/2015-01-01/deploymentParameters.json#",
  "contentVersion": "1.0.0.0",
  "parameters": {
    "virtualMachinesExtensionSettings": {
      "value": [
        {
          "vms": [ "ra-adfs-onpremise-ad-vm1" ],
          "extensions": [
             {
              "name": "install-adds-forest",
              "publisher": "Microsoft.Compute",
              "type": "CustomScriptExtension",
              "typeHandlerVersion": "1.8",
              "autoUpgradeMinorVersion": false,
              "settingsConfigMapperUri": "https://raw.githubusercontent.com/mspnp/reference-architectures/master/identity/adfs/templates/onpremise/ad-replication-site-extension-settings-mapper.json",
              "settingsConfig": {
                "activeDirectorySettings": {
                  "adminUser": "testuser",
                  "adminPassword": "AweS0me@PW",
                  "domainName": "contoso.com",
                  "azureSiteName": "Azure-Vnet-Site",
                  "onPremiseSiteName": "Default-First-Site-Name",
                  "azureAddressSpace": "10.0.0.0/16",
                  "replicationFrequency": 10
                },
                "fileUris": [
                  "https://raw.githubusercontent.com/mspnp/reference-architectures/master/identity/adfs/extensions/adds-replication-site.ps1"
                ]
              },
              "protectedSettingsConfig": {
              }
            }
          ]
        }
      ]
    }
  }
}
