{
    "$schema": "https://raw.githubusercontent.com/mspnp/template-building-blocks/master/schemas/buildingBlocks.json",
    "contentVersion": "1.0.0.0",
    "parameters": {
        "buildingBlocks": {
            "value": [
                {
                    "type": "VirtualNetwork",
                    "settings": [
                        {
                            "name": "ra-ntier-vnet",
                            "addressPrefixes": [
                                "10.0.0.0/16"
                            ],
                            "subnets": [
                                {
                                    "name": "web",
                                    "addressPrefix": "10.0.1.0/24"
                                },
                                {
                                    "name": "biz",
                                    "addressPrefix": "10.0.2.0/24"
                                },
                                {
                                    "name": "sql",
                                    "addressPrefix": "10.0.3.0/24"
                                },
                                {
                                    "name": "ad",
                                    "addressPrefix": "10.0.4.0/24"
                                },
                                {
                                    "name": "mgmt",
                                    "addressPrefix": "10.0.0.128/25"
                                },
                                {
                                    "name": "appgateway",
                                    "addressPrefix": "10.0.5.0/25"
                                }
                            ],
                            "dnsServers": [
                                "10.0.4.4",
                                "10.0.4.5",
                                "168.63.129.16"
                            ]
                        }
                    ]
                },
                {
                    "type": "VirtualMachine",
                    "settings": {
                        "vmCount": 1,
                        "namePrefix": "jb",
                        "size": "Standard_DS1_v2",
                        "adminUsername": "testadminuser",
                        "adminPassword": "test$!Passw0rd111",
                        "virtualNetwork": {
                            "name": "ra-ntier-vnet"
                        },
                        "nics": [
                            {
                                "isPublic": true,
                                "privateIPAllocationMethod": "Dynamic",
                                "publicIPAllocationMethod": "Static",
                                "subnetName": "mgmt"
                            }
                        ],
                        "osType": "windows",
                        "extensions": [
                            {
                                "name": "IaaSAntimalware",
                                "publisher": "Microsoft.Azure.Security",
                                "type": "IaaSAntimalware",
                                "typeHandlerVersion": "1.3",
                                "autoUpgradeMinorVersion": true,
                                "settings": {
                                    "AntimalwareEnabled": true,
                                    "RealtimeProtectionEnabled": "true",
                                    "ScheduledScanSettings": {
                                        "isEnabled": "false",
                                        "day": "7",
                                        "time": "120",
                                        "scanType": "Quick"
                                    },
                                    "Exclusions": {
                                        "Extensions": "",
                                        "Paths": "",
                                        "Processes": ""
                                    }
                                },
                                "protectedSettings": {}
                            }
                        ]
                    }
                },
                {
                    "type": "VirtualMachine",
                    "settings": {
                        "vmCount": 2,
                        "osType": "windows",
                        "namePrefix": "ad",
                        "adminUserName": "adminUser",
                        "adminPassword": "testPassw0rd!23",
                        "nics": [
                            {
                                "subnetName": "ad",
                                "isPublic": false,
                                "privateIPAllocationMethod": "Static",
                                "startingIPAddress": "10.0.4.4"
                            }
                        ],
                        "virtualNetwork": {
                            "name": "ra-ntier-vnet"
                        },
                        "dataDisks": {
                            "count": 1,
                            "diskSizeGB": 127,
                            "caching": "None",
                            "createOption": "empty"
                        }
                    }
                },
                {
                    "type": "VirtualMachineExtension",
                    "settings": [
                        {
                            "vms": [
                                "ad-vm1"
                            ],
                            "extensions": [
                                {
                                    "name": "install-adds-forest",
                                    "publisher": "Microsoft.Compute",
                                    "type": "CustomScriptExtension",
                                    "typeHandlerVersion": "1.8",
                                    "autoUpgradeMinorVersion": true,
                                    "settings": {
                                        "fileUris": [
                                            "https://raw.githubusercontent.com/mspnp/reference-architectures/master/scripts/windows/ad/adds-forest.ps1"
                                        ]
                                    },
                                    "protectedSettings": {
                                        "commandToExecute": "powershell -ExecutionPolicy Unrestricted -File adds-forest.ps1 -DomainName contoso.com -DomainNetbiosName contoso -SafeModePassword Saf3M0de@PW"
                                    }
                                },
                                {
                                    "name": "install-adds-forest",
                                    "publisher": "Microsoft.Compute",
                                    "type": "CustomScriptExtension",
                                    "typeHandlerVersion": "1.8",
                                    "autoUpgradeMinorVersion": true,
                                    "settings": {
                                        "fileUris": [
                                            "https://raw.githubusercontent.com/mspnp/reference-architectures/master/scripts/windows/ad/adds-replication-site.ps1"
                                        ]
                                    },
                                    "protectedSettings": {
                                        "commandToExecute": "powershell -ExecutionPolicy Unrestricted -File adds-replication-site.ps1 -DomainName contoso.com -AdminUser adminUser -AdminPassword testPassw0rd!23 -SiteName Azbb-Tutorial-Site -OnPremsiteName Default-First-Site-Name -Cidr 10.0.0.0/16 -ReplicationFrequency 10"
                                    }
                                }
                            ]
                        }
                    ]
                },
                {
                    "type": "VirtualNetwork",
                    "settings": [
                        {
                            "name": "ra-ntier-vnet",
                            "addressPrefixes": [
                                "10.0.0.0/16"
                            ],
                            "subnets": [
                                {
                                    "name": "web",
                                    "addressPrefix": "10.0.1.0/24"
                                },
                                {
                                    "name": "biz",
                                    "addressPrefix": "10.0.2.0/24"
                                },
                                {
                                    "name": "sql",
                                    "addressPrefix": "10.0.3.0/24"
                                },
                                {
                                    "name": "ad",
                                    "addressPrefix": "10.0.4.0/24"
                                },
                                {
                                    "name": "mgmt",
                                    "addressPrefix": "10.0.0.128/25"
                                },
                                {
                                    "name": "appgateway",
                                    "addressPrefix": "10.0.5.0/25"
                                }
                            ],
                            "dnsServers": [
                                "10.0.4.4",
                                "10.0.4.5"
                            ]
                        }
                    ]
                },
                {
                    "type": "VirtualMachineExtension",
                    "settings": [
                        {
                            "vms": [
                                "ad-vm2"
                            ],
                            "extensions": [
                                {
                                    "name": "join-ad-domain",
                                    "publisher": "Microsoft.Compute",
                                    "type": "JsonADDomainExtension",
                                    "typeHandlerVersion": "1.3",
                                    "autoUpgradeMinorVersion": true,
                                    "settings": {
                                        "Name": "contoso.com",
                                        "OUPath": "",
                                        "User": "contoso.com\\adminUser",
                                        "Restart": true,
                                        "Options": 3
                                    },
                                    "protectedSettings": {
                                        "Password": "testPassw0rd!23"
                                    }
                                },
                                {
                                    "name": "install-adds",
                                    "publisher": "Microsoft.Compute",
                                    "type": "CustomScriptExtension",
                                    "typeHandlerVersion": "1.8",
                                    "autoUpgradeMinorVersion": true,
                                    "settings": {
                                        "fileUris": [
                                            "https://raw.githubusercontent.com/mspnp/reference-architectures/master/scripts/windows/ad/adds.ps1"
                                        ]
                                    },
                                    "protectedSettings": {
                                        "commandToExecute": "powershell -ExecutionPolicy Unrestricted -File adds.ps1 -AdminUser adminUser -AdminPassword testPassw0rd!23 -SafeModePassword Saf3M0de@PW -DomainName contoso.com -SiteName Default-First-Site-Name"
                                    }
                                }
                            ]
                        }
                    ]
                },
                {
                    "type": "VirtualMachine",
                    "settings": {
                        "vmCount": 2,
                        "namePrefix": "sql",
                        "size": "Standard_DS3_v2",
                        "computerNamePrefix": "sql",
                        "adminUsername": "adminUser",
                        "adminPassword": "testPassw0rd!23",
                        "osType": "windows",
                        "imageReference": {
                            "offer": "SQL2016-WS2012R2",
                            "publisher": "MicrosoftSQLServer",
                            "sku": "Enterprise",
                            "version": "latest"
                        },
                        "dataDisks": {
                            "count": 2,
                            "diskSizeGB": 1000
                        },
                        "virtualNetwork": {
                            "name": "ra-ntier-vnet"
                        },
                        "nics": [
                            {
                                "isPrimary": true,
                                "isPublic": false,
                                "subnetName": "sql",
                                "privateIPAllocationMethod": "Dynamic",
                                "dnsServers": [
                                    "10.0.4.4",
                                    "10.0.4.5"
                                ],
                                "backendPoolNames": [
                                    "lbbep1"
                                ]                                
                            }
                        ],
                        "loadBalancerSettings": {
                            "frontendIPConfigurations": [
                                {
                                    "name": "lbfe1",
                                    "loadBalancerType": "Internal",
                                    "internalLoadBalancerSettings": {
                                        "privateIPAddress": "10.0.3.100",
                                        "subnetName": "sql"
                                    }
                                }
                            ],
                            "loadBalancingRules": [
                                {
                                    "name": "SQLAlwaysOnEndPointListener",
                                    "frontendPort": 1433,
                                    "backendPort": 1433,
                                    "protocol": "Tcp",
                                    "backendPoolName": "lbbep1",
                                    "frontendIPConfigurationName": "lbfe1",
                                    "enableFloatingIP": false,
                                    "probeName": "lbp1"
                                }
                            ],
                            "probes": [
                                {
                                    "name": "lbp1",
                                    "port": 59999,
                                    "protocol": "Tcp",
                                    "requestPath": null
                                }
                            ],
                            "backendPools": [
                                {
                                    "name": "lbbep1",
                                    "nicIndex": 0
                                }
                            ],
                            "inboundNatRules": []
                        },
                        "extensions": [
                            {
                                "name": "join-ad-domain",
                                "publisher": "Microsoft.Compute",
                                "type": "JsonADDomainExtension",
                                "typeHandlerVersion": "1.3",
                                "autoUpgradeMinorVersion": true,
                                "settings": {
                                    "Name": "contoso.com",
                                    "OUPath": "",
                                    "User": "contoso.com\\adminUser",
                                    "Restart": true,
                                    "Options": 3
                                },
                                "protectedSettings": {
                                    "Password": "testPassw0rd!23"
                                }
                            }
                        ]
                    }
                },
                {
                    "type": "VirtualMachine",
                    "settings": {
                        "vmCount": 1,
                        "namePrefix": "fsw",
                        "size": "Standard_DS1_v2",
                        "computerNamePrefix": "fsw",
                        "adminUsername": "adminUser",
                        "adminPassword": "testPassw0rd!23",
                        "osType": "windows",
                        "dataDisks": {
                          "count": 1,
                          "diskSizeGB": 128,
                          "caching": "None",
                          "createOption": "empty"  
                        },
                        "virtualNetwork": {
                            "name": "ra-ntier-vnet"
                        },
                        "nics": [
                            {
                                "isPublic": false,
                                "isPrimary": true,
                                "subnetName": "sql",
                                "privateIPAllocationMethod": "Dynamic",
                                "dnsServers": [
                                    "10.0.4.4",
                                    "10.0.4.5"
                                ]
                            }
                        ],
                        "extensions": [
                            {
                                "name": "join-ad-domain",
                                "publisher": "Microsoft.Compute",
                                "type": "JsonADDomainExtension",
                                "typeHandlerVersion": "1.3",
                                "autoUpgradeMinorVersion": true,
                                "settings": {
                                    "Name": "contoso.com",
                                    "OUPath": "",
                                    "User": "contoso.com\\adminUser",
                                    "Restart": true,
                                    "Options": 3
                                },
                                "protectedSettings": {
                                    "Password": "testPassw0rd!23"
                                }
                            },
                            {
                                "name": "createFileShareWitness",
                                "publisher": "Microsoft.Powershell",
                                "type": "DSC",
                                "typeHandlerVersion": "2.16",
                                "autoUpgradeMinorVersion": false,
                                "settings": {
                                    "modulesURL": "https://raw.githubusercontent.com/mspnp/reference-architectures/master/scripts/windows/dsc/CreateFileShareWitness.ps1.zip",
                                    "configurationFunction": "CreateFileShareWitness.ps1\\CreateFileShareWitness",
                                    "properties": {
                                        "domainName": "contoso.com",
                                        "SharePath": "sql-fs",
                                        "adminCreds": {
                                            "userName": "adminUser",
                                            "password": "privateSettingsRef:adminPassword"
                                        }
                                    }
                                },
                                "protectedSettings": {
                                    "items": {
                                        "adminPassword": "testPassw0rd!23"
                                    }
                                }
                            }
                        ]
                    }
                },
                {
                    "type": "VirtualMachineExtension",
                    "settings": [
                        {
                            "vms": [
                                "sql-vm1",
                                "sql-vm2"
                            ],
                            "extensions": [
                                {
                                    "name": "SqlVmIaasExtension",
                                    "type": "SqlIaaSAgent",
                                    "publisher": "Microsoft.SqlServer.Management",
                                    "typeHandlerVersion": "1.2",
                                    "autoUpgradeMinorVersion": true,
                                    "settings": {
                                        "AutoTelemetrySettings": {
                                            "Region": "West US 2"
                                        },
                                        "AutoPatchingSettings": {
                                            "PatchCategory": "WindowsMandatoryUpdates",
                                            "Enable": true,
                                            "DayOfWeek": "Sunday",
                                            "MaintenanceWindowStartingHour": "12",
                                            "MaintenanceWindowDuration": "60"
                                        },
                                        "AutoBackupSettings": {
                                            "Enable": false,
                                            "RetentionPeriod": "30",
                                            "EnableEncryption": false
                                        }
                                    },
                                    "protectedSettings": {}
                                }
                            ]
                        },
                        {
                            "vms": [
                                "sql-vm1"
                            ],
                            "extensions": [
                                {
                                    "name": "sqlAOPrepare",
                                    "publisher": "Microsoft.Powershell",
                                    "type": "DSC",
                                    "typeHandlerVersion": "2.19",
                                    "autoUpgradeMinorVersion": false,
                                    "settings": {
                                        "modulesURL": "https://raw.githubusercontent.com/mspnp/reference-architectures/master/scripts/windows/dsc/PrepareAlwaysOnSqlServer.ps1.zip",
                                        "configurationFunction": "PrepareAlwaysOnSqlServer.ps1\\PrepareAlwaysOnSqlServer",
                                        "properties": {
                                            "domainName": "contoso.com",
                                            "sqlAlwaysOnEndpointName": "ra-ntier-sql-hadr",
                                            "adminCreds": {
                                                "userName": "adminUser",
                                                "password": "privateSettingsRef:adminPassword"
                                            },
                                            "sqlServiceCreds": {
                                                "userName": "sqlservicetestuser",
                                                "password": "privateSettingsRef:sqlServerServiceAccountPassword"
                                            },
                                            "NumberOfDisks": "2",
                                            "WorkloadType": "GENERAL"
                                        }
                                    },
                                    "protectedSettings": {
                                        "items": {
                                            "adminPassword": "testPassw0rd!23",
                                            "sqlServerServiceAccountPassword": "AweS0me@SQLServicePW"
                                        }
                                    }
                                }
                            ]
                        },
                        {
                            "vms": [
                                "sql-vm2"
                            ],
                            "extensions": [
                                {
                                    "name": "configuringAlwaysOn",
                                    "publisher": "Microsoft.Powershell",
                                    "type": "DSC",
                                    "typeHandlerVersion": "2.19",
                                    "autoUpgradeMinorVersion": false,
                                    "settings": {
                                        "modulesURL": "https://raw.githubusercontent.com/mspnp/reference-architectures/master/scripts/windows/dsc/CreateFailoverCluster.ps1.zip",
                                        "configurationFunction": "CreateFailoverCluster.ps1\\CreateFailoverCluster",
                                        "properties": {
                                            "domainName": "contoso.com",
                                            "clusterName": "ra-ntier-sql-fc",
                                            "sharePath": "\\\\fsw1\\sql-fs",
                                            "nodes": [
                                                "sql1",
                                                "sql2"
                                            ],
                                            "sqlAlwaysOnEndpointName": "ra-ntier-sql-hadr",
                                            "sqlAlwaysOnAvailabilityGroupName": "alwayson-ag",
                                            "sqlAlwaysOnAvailabilityGroupListenerName": "alwayson-ag-listener",
                                            "SqlAlwaysOnAvailabilityGroupListenerPort": "1433",
                                            "databaseNames": "AutoHa-sample",
                                            "lbName": "ra-ntier-sql-lb",
                                            "lbAddress": "10.0.3.100",
                                            "primaryReplica": "sql2",
                                            "secondaryReplica": "sql1",
                                            "dnsServerName": "ad1",
                                            "adminCreds": {
                                                "userName": "adminUser",
                                                "password": "privateSettingsRef:adminPassword"
                                            },
                                            "sqlServiceCreds": {
                                                "userName": "sqlservicetestuser",
                                                "password": "privateSettingsRef:sqlServerServiceAccountPassword"
                                            },
                                            "SQLAuthCreds": {
                                                "userName": "sqlsa",
                                                "password": "privateSettingsRef:sqlAuthPassword"
                                            },
                                            "NumberOfDisks": "2",
                                            "WorkloadType": "GENERAL"
                                        }
                                    },
                                    "protectedSettings": {
                                        "items": {
                                            "adminPassword": "testPassw0rd!23",
                                            "sqlServerServiceAccountPassword": "AweS0me@SQLServicePW",
                                            "sqlAuthPassword": "AweS0me@SQLPW"
                                        }
                                    }
                                }
                            ]
                        }
                    ]
                },
                {
                    "type": "VirtualMachine",
                    "settings": {
                        "vmCount": 3,
                        "namePrefix": "web",
                        "size": "Standard_DS1_v2",
                        "computerNamePrefix": "web",
                        "adminUsername": "adminUser",
                        "adminPassword": "testPassw0rd!23",
                        "virtualNetwork": {
                            "name": "ra-ntier-vnet"
                        },
                        "nics": [
                            {
                                "dnsServers": [],
                                "isPrimary": true,
                                "isPublic": false,
                                "privateIPAllocationMethod": "Static",
                                "startingIPAddress": "10.0.1.5",
                                "subnetName": "web"
                            }
                        ],
                        "osType": "windows",
                        "extensions": [
                            {
                                "name": "join-ad-domain",
                                "publisher": "Microsoft.Compute",
                                "type": "JsonADDomainExtension",
                                "typeHandlerVersion": "1.3",
                                "autoUpgradeMinorVersion": true,
                                "settings": {
                                    "Name": "contoso.com",
                                    "OUPath": "",
                                    "User": "contoso.com\\adminUser",
                                    "Restart": true,
                                    "Options": 3
                                },
                                "protectedSettings": {
                                    "Password": "testPassw0rd!23"
                                }
                            },
                            {
                                "name": "iis-config-ext",
                                "publisher": "Microsoft.Powershell",
                                "type": "DSC",
                                "typeHandlerVersion": "2.1",
                                "autoUpgradeMinorVersion": true,
                                "settings": {
                                    "ModulesUrl": "https://raw.githubusercontent.com/mspnp/reference-architectures/master/scripts/windows/dsc/iisaspnet.ps1.zip",
                                    "configurationFunction": "iisaspnet.ps1\\iisaspnet"
                                },
                                "protectedSettings": {}
                            }
                        ],
                        "applicationGatewaySettings": {
                            "name": "webAppGateway",
                            "sku": {
                                "size": "Medium",
                                "capacity": 2,
                                "tier": "WAF"
                            },
                            "gatewayIPConfigurations": [
                                {
                                    "name": "webIPConfig",
                                    "subnetName": "appgateway"
                                }
                            ],
                            "frontendIPConfigurations": [
                                {
                                    "name": "webFrontEndIPConfig1",
                                    "applicationGatewayType": "Public"
                                }
                            ],
                            "frontendPorts": [
                              {
                                  "name": "webFrontEndPort1",
                                  "port": 80
                              }  
                            ],
                            "backendAddressPools": [
                                {
                                    "name": "webBackendAddressPool",
                                    "backendAddresses": [
                                        {
                                            "ipAddress": "10.0.1.5"
                                        },
                                        {
                                            "ipAddress": "10.0.1.6"
                                        },
                                        {
                                            "ipAddress": "10.0.1.7"
                                        }
                                    ]
                                }
                            ],
                            "backendHttpSettingsCollection": [
                                {
                                    "name": "webBackendHttpSetting1",
                                    "port": 80,
                                    "protocol": "Http",
                                    "cookieBasedAffinity": "Disabled"
                                }
                            ],
                            "httpListeners": [
                                {
                                    "name": "webHttpListener1",
                                    "frontendIPConfigurationName": "webFrontEndIPConfig1",
                                    "frontendPortName": "webFrontEndPort1",
                                    "protocol": "Http"
                                }
                            ],
                            "requestRoutingRules": [
                                {
                                    "name": "webRule1",
                                    "ruleType": "Basic",
                                    "httpListenerName": "webHttpListener1",
                                    "backendAddressPoolName": "webBackendAddressPool",
                                    "backendHttpSettingsName": "webBackendHttpSetting1"
                                }
                            ]
                        }
                    }
                },
                {
                    "type": "VirtualMachine",
                    "settings": {
                        "vmCount": 3,
                        "namePrefix": "biz",
                        "size": "Standard_DS1_v2",
                        "computerNamePrefix": "biz",
                        "adminUsername": "adminUser",
                        "adminPassword": "testPassw0rd!23",
                        "virtualNetwork": {
                            "name": "ra-ntier-vnet"
                        },
                        "nics": [
                            {
                                "dnsServers": [],
                                "isPrimary": true,
                                "isPublic": false,
                                "privateIPAllocationMethod": "Dynamic",
                                "subnetName": "biz",
                                "backendPoolNames": [
                                    "lb-bep1"
                                ]
                            }
                        ],
                        "osType": "windows",
                        "extensions": [
                            {
                                "name": "join-ad-domain",
                                "publisher": "Microsoft.Compute",
                                "type": "JsonADDomainExtension",
                                "typeHandlerVersion": "1.3",
                                "autoUpgradeMinorVersion": true,
                                "settings": {
                                    "Name": "contoso.com",
                                    "OUPath": "",
                                    "User": "contoso.com\\adminUser",
                                    "Restart": true,
                                    "Options": 3
                                },
                                "protectedSettings": {
                                    "Password": "testPassw0rd!23"
                                }
                            },
                            {
                                "name": "iis-config-ext",
                                "publisher": "Microsoft.Powershell",
                                "type": "DSC",
                                "typeHandlerVersion": "2.1",
                                "autoUpgradeMinorVersion": true,
                                "settings": {
                                    "ModulesUrl": "https://raw.githubusercontent.com/mspnp/reference-architectures/master/scripts/windows/dsc/iisaspnet.ps1.zip",
                                    "configurationFunction": "iisaspnet.ps1\\iisaspnet"
                                },
                                "protectedSettings": {}
                            }
                        ],
                        "loadBalancerSettings": {
                            "frontendIPConfigurations": [
                                {
                                    "name": "biz-lb-fe-config1",
                                    "loadBalancerType": "Internal",
                                    "internalLoadBalancerSettings": {
                                        "privateIPAddress": "10.0.2.100",
                                        "subnetName": "biz"
                                    }
                                }
                            ],
                            "loadBalancingRules": [
                                {
                                    "name": "lbr1",
                                    "frontendPort": 80,
                                    "backendPort": 80,
                                    "protocol": "Tcp",
                                    "backendPoolName": "lb-bep1",
                                    "frontendIPConfigurationName": "biz-lb-fe-config1",
                                    "enableFloatingIP": false,
                                    "probeName": "lbp1"
                                }
                            ],
                            "probes": [
                                {
                                    "name": "lbp1",
                                    "port": 80,
                                    "protocol": "Http",
                                    "requestPath": "/"
                                }
                            ],
                            "backendPools": [
                                {
                                    "name": "lb-bep1",
                                    "nicIndex": 0
                                }
                            ]
                        }
                    }
                },
                {
                    "type": "NetworkSecurityGroup",
                    "settings": [
                        {
                            "name": "adnsg",
                            "virtualNetworks": [
                                {
                                    "name": "ra-ntier-vnet",
                                    "subnets": [
                                        "ad"
                                    ]
                                }
                            ],
                            "securityRules": [
                                {
                                    "name":"ActiveDirectory"
                                }
                            ]
                        },
                        {
                            "name": "sqlnsg",
                            "virtualNetworks": [
                                {
                                    "name": "ra-ntier-vnet",
                                    "subnets": [
                                        "sql"
                                    ]
                                }
                            ],
                            "securityRules": [
                                {
                                    "name": "MSSQL",
                                    "sourceAddressPrefix": "10.0.2.0/24",
                                    "priority": 100
                                },
                                {
                                    "name": "RDP",
                                    "direction": "Inbound",
                                    "sourceAddressPrefix": "10.0.0.128/25",
                                    "priority": 110
                                }
                            ]
                        },
                        {
                            "name": "biznsg",
                            "virtualNetworks": [
                                {
                                    "name": "ra-ntier-vnet",
                                    "subnets": [
                                        "biz"
                                    ]
                                }
                            ],
                            "securityRules": [
                                {
                                    "name": "HTTP",
                                    "sourceAddressPrefix": "10.0.1.0/24",
                                    "priority": 100
                                },
                                {
                                    "name": "RDP",
                                    "sourceAddressPrefix": "10.0.0.128/25",
                                    "priority": 110
                                }
                            ]
                        },
                        {
                            "name": "appgatewaynsg",
                            "virtualNetworks": [
                                {
                                    "name": "ra-ntier-vnet",
                                    "subnets": [
                                        "appgateway"
                                    ]
                                }
                            ],
                            "securityRules": [
                                {
                                    "name": "HTTP"
                                }
                            ]
                        },
                        {
                            "name": "webnsg",
                            "virtualNetworks": [
                                {
                                    "name": "ra-ntier-vnet",
                                    "subnets": [
                                        "web"
                                    ]
                                }
                            ],
                            "securityRules": [
                                {
                                    "name": "HTTP",
                                    "sourceAddressPrefix": "10.0.5.0/25",
                                    "priority": 100
                                },
                                {
                                    "name": "RDP",
                                    "sourceAddressPrefix": "10.0.0.128/25",
                                    "priority": 110
                                }
                            ]
                        },
                        {
                            "name": "mgmtnsg",
                            "networkInterfaces": [
                                {
                                    "name": "jb-vm1-nic1"
                                }
                            ],
                            "securityRules": [
                                {
                                    "name": "RDP",
                                    "priority": 100
                                }
                            ]
                        }
                    ]
                }
            ]
        }
    }
}