{
  "$schema": "http://schema.management.azure.com/schemas/2015-01-01/deploymentParameters.json#",
  "contentVersion": "1.0.0.0",
  "parameters": {
    "virtualMachinesExtensionSettings": {
      "value": [
        {
          "vms": [ "ra-sp2016-ad-vm1" ],
          "extensions": [
            {
              "name": "install-extension",
              "publisher": "Microsoft.Compute",
              "type": "CustomScriptExtension",
              "typeHandlerVersion": "1.8",
              "autoUpgradeMinorVersion": false,
              "settingsConfigMapperUri": "https://raw.githubusercontent.com/mspnp/reference-architectures/master/sharepoint/sharepoint-2016/templates/sharepoint/add-arecord-extension-settings-mapper.json",
              "settingsConfig": {
                "fileUris": [
                  "https://raw.githubusercontent.com/mspnp/reference-architectures/master/sharepoint/sharepoint-2016/extensions/add-dns.ps1"
                ]
              },
              "protectedSettingsConfig": {
              }
            }
          ]
        }
      ]
    }
  }
}

