﻿{
    "$schema": "http://schema.management.azure.com/schemas/2015-01-01/deploymentParameters.json#",
    "contentVersion": "1.0.0.0",
  "parameters": {
    "virtualNetworkSettings": {
      "value": {
        "name": "ra-sp2016-vnet",
        "resourceGroup": "ra-sp2016-network-rg"
      }
    },
    "networkSecurityGroupsSettings": {
      "value": [
        {
          "name": "ra-sp2016-sql-nsg",
          "subnets": [
            "sql"
          ],
          "networkInterfaces": [
          ],
          "securityRules": [
            {
              "name": "allow-traffic-from-web",
              "description": "Allow traffic originating from Web tier.",
              "protocol": "*",
              "sourcePortRange": "*",
              "destinationPortRange": "1433",
              "sourceAddressPrefix": "10.0.1.0/24",
              "destinationAddressPrefix": "*",
              "access": "Allow",
              "priority": 100,
              "direction": "Inbound"
            },
            {
              "name": "allow-traffic-from-app",
              "description": "Allow traffic originating from Application tier.",
              "protocol": "*",
              "sourcePortRange": "*",
              "destinationPortRange": "1433",
              "sourceAddressPrefix": "10.0.5.0/24",
              "destinationAddressPrefix": "*",
              "access": "Allow",
              "priority": 101,
              "direction": "Inbound"
            },
            {
              "name": "allow-traffic-from-dch",
              "description": "Allow traffic originating from Web tier.",
              "protocol": "*",
              "sourcePortRange": "*",
              "destinationPortRange": "1433",
              "sourceAddressPrefix": "10.0.2.0/24",
              "destinationAddressPrefix": "*",
              "access": "Allow",
              "priority": 102,
              "direction": "Inbound"
            },
            {
              "name": "allow-traffic-from-srch",
              "description": "Allow traffic originating from Application tier.",
              "protocol": "*",
              "sourcePortRange": "*",
              "destinationPortRange": "1433",
              "sourceAddressPrefix": "10.0.6.0/24",
              "destinationAddressPrefix": "*",
              "access": "Allow",
              "priority": 103,
              "direction": "Inbound"
            },
            {
              "name": "allow-mgmt-rdp",
              "direction": "Inbound",
              "priority": 110,
              "sourceAddressPrefix": "10.0.0.128/25",
              "destinationAddressPrefix": "*",
              "sourcePortRange": "*",
              "destinationPortRange": "3389",
              "access": "Allow",
              "protocol": "Tcp"
            },
                        {
              "name": "allow-traffic-from-ad",
              "direction": "Inbound",
              "priority": 111,
              "sourceAddressPrefix": "10.0.4.0/24",
              "destinationAddressPrefix": "*",
              "sourcePortRange": "*",
              "destinationPortRange": "*",
              "access": "Allow",
              "protocol": "*"
            },
                        {
              "name": "allow-traffic-from-gateway",
              "direction": "Inbound",
              "priority": 112,
              "sourceAddressPrefix": "10.0.255.224/27",
              "destinationAddressPrefix": "*",
              "sourcePortRange": "*",
              "destinationPortRange": "*",
              "access": "Allow",
              "protocol": "*"
            }
          ]
        },
        {
          "name": "ra-sp2016-mgmt-nsg",
          "subnets": [ ],
          "networkInterfaces": [
            "ra-sp2016-jb-vm1-nic1"
          ],
          "securityRules": [
            {
              "name": "default-allow-rdp",
              "description": "Allow RDP Subnet",
              "protocol": "Tcp",
              "sourcePortRange": "*",
              "destinationPortRange": "3389",
              "sourceAddressPrefix": "*",
              "destinationAddressPrefix": "*",
              "access": "Allow",
              "priority": 100,
              "direction": "Inbound"
            },
            {
              "name": "deny-other-traffic",
              "description": "Deny all other traffic",
              "protocol": "*",
              "sourcePortRange": "*",
              "destinationPortRange": "*",
              "sourceAddressPrefix": "*",
              "destinationAddressPrefix": "*",
              "access": "Deny",
              "priority": 120,
              "direction": "Inbound"
            }
          ]
        }
      ]
    }
  }
}
