﻿{
  "$schema": "http://schema.management.azure.com/schemas/2015-01-01/deploymentParameters.json#",
  "contentVersion": "1.0.0.0",
  "parameters": {
    "virtualMachinesSettings": {
      "value": {
        "namePrefix": "ra-onprem",
        "computerNamePrefix": "onpremjumpbox",
        "size": "Standard_DS1_v2",
        "osType": "linux",
        "adminUsername": "",
        "adminPassword": "",
        "osAuthenticationType": "password",
        "nics": [
          {
            "isPublic": "true",
            "subnetName": "default",
            "privateIPAllocationMethod": "Dynamic",
            "publicIPAllocationMethod": "Dynamic",
            "domainNameLabelPrefix":"",
            "enableIPForwarding": false,
            "dnsServers": [
            ],
            "isPrimary": "true"
          }
        ],
        "imageReference": {
          "publisher": "Canonical",
          "offer": "UbuntuServer",
          "sku": "14.04.5-LTS",
          "version": "latest"
        },
        "dataDisks": {
          "count": 0,
          "properties": {}
        },
        "osDisk": {
          "caching": "ReadWrite"
        },
        "extensions": [ ],
        "availabilitySet": {
          "useExistingAvailabilitySet": "No",
          "name": "ra-hub-spoke-onprem-as"
        }
      }
    },
    "virtualNetworkSettings": {
      "value": {
        "name": "ra-onprem-vnet",
        "resourceGroup": "ra-onprem-rg"
      }
    },
    "buildingBlockSettings": {
      "value": {
        "storageAccountsCount": 1,
        "vmCount": 1,
        "vmStartIndex": 1
      }
    }
  }
}