﻿{
  "$schema": "http://schema.management.azure.com/schemas/2015-01-01/deploymentParameters.json#",
  "contentVersion": "1.0.0.0",
  "parameters": {
    "virtualNetworkSettings": {
      "value": {
        "name": "ra-sp2016-vnet",
        "resourceGroup": "ra-sp2016-network-rg",
        "addressPrefixes": [
          "10.0.0.0/16"
        ],
        "subnets": [
          {
            "name": "web",
            "addressPrefix": "10.0.1.0/24"
          },
          {
            "name": "cache",
            "addressPrefix": "10.0.2.0/24"
          },
          {
            "name": "sql",
            "addressPrefix": "10.0.3.0/24"
          },
          {
            "name": "ad",
            "addressPrefix": "10.0.4.0/24"
          },
          {
            "name": "app",
            "addressPrefix": "10.0.5.0/24"
          },
          {
            "name": "search",
            "addressPrefix": "10.0.6.0/24"
          },          
          {
            "name": "mgmt",
            "addressPrefix": "10.0.0.128/25"
          },
          {
            "name": "GatewaySubnet",
            "addressPrefix": "10.0.255.224/27"
          }
        ],
        "dnsServers": [
          "10.0.4.4",
          "10.0.4.5",
          "192.168.0.4",
          "192.168.0.5"
        ]
      }
    }
  }
}
