{
  "$schema": "https://raw.githubusercontent.com/mspnp/template-building-blocks/master/schemas/buildingBlocks.json",
  "contentVersion": "1.0.0.0",
  "parameters": {
    "buildingBlocks": {
      "value": [
        {
          "type": "VirtualNetwork",
          "settings": [
            {
              "name": "ra-single-windows-vm-vnet",
              "addressPrefixes": [
                "10.0.0.0/16"
              ],
              "subnets": [
                {
                  "name": "web",
                  "addressPrefix": "10.0.1.0/24"
                }
              ]
            }
          ]
        },
        {
          "type": "NetworkSecurityGroup",
          "settings": [
            {
              "name": "ra-single-windows-vm-nsg",
              "securityRules": [
                {
                  "name": "RDP"
                },
                {
                  "name": "HTTP"
                }
              ],
              "virtualNetworks": [
                {
                  "name": "ra-single-windows-vm-vnet",
                  "subnets": [
                    "web"
                  ]
                }
              ]
            }
          ]
        },
        {
          "type": "VirtualMachine",
          "settings": {
            "vmCount": 1,
            "namePrefix": "ra-single-windows",
            "computerNamePrefix": "web",
            "size": "Standard_DS1_v2",
            "adminUsername": "",
            "adminPassword": "",
            "virtualNetwork": {
              "name": "ra-single-windows-vm-vnet"
            },
            "nics": [
              {
                "subnetName": "web"
              }
            ],
            "osType": "windows",
            "dataDisks": {
              "count": 2
            }
          }
        },
        {
          "type": "VirtualMachineExtension",
          "settings": [
            {
              "vms": [
                "ra-single-windows-vm1"
              ],
              "extensions": [
                {
                  "name": "format-disks",
                  "publisher": "Microsoft.Compute",
                  "type": "CustomScriptExtension",
                  "typeHandlerVersion": "1.8",
                  "autoUpgradeMinorVersion": true,
                  "settings": {
                    "fileUris": [
                      "https://raw.githubusercontent.com/mspnp/reference-architectures/master/scripts/windows/format-disk.ps1",
                      "https://raw.githubusercontent.com/mspnp/reference-architectures/master/virtual-machines/single-vm/extensions/windows/format-disks.ps1"
                    ]
                  },
                  "protectedSettings": {
                    "commandToExecute": "powershell -ExecutionPolicy Unrestricted -File format-disks.ps1"
                  }
                },
                {
                  "name": "iis-config-ext",
                  "publisher": "Microsoft.Powershell",
                  "type": "DSC",
                  "typeHandlerVersion": "2.1",
                  "autoUpgradeMinorVersion": true,
                  "settings": {
                    "ModulesUrl": "https://raw.githubusercontent.com/mspnp/reference-architectures/master/scripts/windows/iisaspnet.ps1.zip",
                    "configurationFunction": "iisaspnet.ps1\\iisaspnet"
                  },
                  "protectedSettings": {}
                }                
              ]
            }
          ]
        }
      ]
    }
  }
}